Workbook

Sheet Overview
A1: Finstack Technologies - AI Governance & DPDP Compliance Assessment
A2: GRC portfolio project (fictional company). Prepared by: Vignesh S
A4: Scenario | B4: Finstack is a Bengaluru Banking-as-a-Service platform serving 40+ neobanks. It is launching an AI fraud-detection model and an LLM-based support copilot. This assessment covers the AI systems only.
A5: In scope | B5: Data flows into and out of the AI systems; explainability of fraud decisions; DPDP compliance for retail customer data; third-party (LLM vendor) risk; bias risk.
A6: Out of scope | B6: Company-wide ISO 27001 programme, HR and physical security, non-AI parts of the platform.
A7: Method | B7: Risk: Likelihood (1-5) x Impact (1-5), scored before controls (inherent) and after controls (residual). Compliance: each DPDP requirement rated Compliant / Partial / Non-compliant with evidence-based findings.
A9: Live summary
A10: Risks assessed | B10: =COUNTA('Risk Register'!A5:A10) -> 6
A11: High-rated risks (inherent) | B11: =COUNTIF('Risk Register'!G5:G10,"High") -> 4
A12: High-rated risks (residual) | B12: =COUNTIF('Risk Register'!M5:M10,"High") -> 0
A13: Average score before controls | B13: ='Risk Register'!F12 -> 14.166667
A14: Average score after controls | B14: ='Risk Register'!L12 -> 7.1666667
A15: DPDP requirements assessed | B15: ='DPDP Gap Analysis'!C16 -> 6
A16: Non-compliant requirements | B16: ='DPDP Gap Analysis'!C15 -> 3
A18: Tabs
A19: Risk Register | B19: 6 AI risks with inherent score, control, residual score and scoring rationale.
A20: Heat Map | B20: 5x5 grids showing where the risks sit before and after controls.
A21: DPDP Gap Analysis | B21: 6 DPDP requirements rated with findings and recommendations.
A23: Legend
A24: Blue text | B24: Inputs and judgments you can change (scores, ratings).
A25: Yellow fill | B25: Threshold cells that define High / Medium / Low.
A26: Black text | B26: Formulas - do not overwrite.

Sheet Risk Register
A1: Finstack Technologies - AI Risk Register (Likelihood x Impact)
A2: High if score >= | B2: 15 | C2: Medium if score >= | D2: 8 | E2: <- yellow cells are editable thresholds; anything below Medium is Low
A4: ID | B4: Risk | C4: Category | D4: Inherent Likelihood (1-5) | E4: Inherent Impact (1-5) | F4: Inherent Score | G4: Inherent Rating | H4: Scoring rationale | I4: Control proposed | J4: Residual Likelihood (1-5) | K4: Residual Impact (1-5) | L4: Residual Score | M4: Residual Rating | N4: Score Reduction
A5: R1 | B5: Fraud model wrongly blocks a legitimate transaction and Finstack cannot explain why | C5: AI explainability | D5: 4 | E5: 4 | F5: =D5*E5 -> 16 | G5: =IF(F5>=$B$2,"High",IF(F5>=$D$2,"Medium","Low")) -> High | H5: Fraud models produce false positives regularly. Impact covers customer trust AND regulatory exposure if a regulator or client asks 'why was this blocked?' and there is no answer. | I5: Add an explainability layer: log the top 3 factors behind every block so any decision can be justified on demand. | J5: 4 | K5: 2 | L5: =J5*K5 -> 8 | M5: =IF(L5>=$B$2,"High",IF(L5>=$D$2,"Medium","Low")) -> Medium | N5: =F5-L5 -> 8
A6: R2 | B6: Support agent at a client neobank pastes a customer's transaction history into a public AI tool (shadow AI) | C6: Shadow AI / data leakage | D6: 4 | E6: 4 | F6: =D6*E6 -> 16 | G6: =IF(F6>=$B$2,"High",IF(F6>=$D$2,"Medium","Low")) -> High | H6: Agents do this often when untrained and no approved tool exists. Data leaves company control, which is a DPDP breach. | I6: Block public AI tools on company devices; provide an approved internal AI tool. | J6: 2 | K6: 4 | L6: =J6*K6 -> 8 | M6: =IF(L6>=$B$2,"High",IF(L6>=$D$2,"Medium","Low")) -> Medium | N6: =F6-L6 -> 8
A7: R3 | B7: B2B neobank client sends a security questionnaire asking for AI governance documents and Finstack has none | C7: Vendor / client assurance | D7: 3 | E7: 5 | F7: =D7*E7 -> 15 | G7: =IF(F7>=$B$2,"High",IF(F7>=$D$2,"Medium","Low")) -> High | H7: Questionnaires are routine in B2B onboarding. A BaaS business depends on its 40+ client contracts, so a stalled deal is real revenue loss. | I7: Maintain a standing AI governance documentation pack, reviewed quarterly, ready to hand over. | J7: 1 | K7: 5 | L7: =J7*K7 -> 5 | M7: =IF(L7>=$B$2,"High",IF(L7>=$D$2,"Medium","Low")) -> Low | N7: =F7-L7 -> 10
A8: R4 | B8: Third-party LLM API provider suffers a breach exposing Finstack customer queries | C8: Third-party risk | D8: 2 | E8: 5 | F8: =D8*E8 -> 10 | G8: =IF(F8>=$B$2,"High",IF(F8>=$D$2,"Medium","Low")) -> Medium | H8: Major providers invest heavily in security so this is possible but not routine. Finstack stays accountable to customers and clients for data it sent to the vendor. | I8: Contract terms: vendor encrypts data in transit and at rest and notifies Finstack within 24 hours of any breach. | J8: 2 | K8: 4 | L8: =J8*K8 -> 8 | M8: =IF(L8>=$B$2,"High",IF(L8>=$D$2,"Medium","Low")) -> Medium | N8: =F8-L8 -> 2
A9: R5 | B9: Fraud model disproportionately flags a specific region or user segment (bias) | C9: AI fairness | D9: 3 | E9: 4 | F9: =D9*E9 -> 12 | G9: =IF(F9>=$B$2,"High",IF(F9>=$D$2,"Medium","Low")) -> Medium | H9: Bias is a well-documented ML failure when training data under-represents groups, and is usually found only when someone audits for it. | I9: Run quarterly bias audits on flagging patterns across regions and segments. | J9: 2 | K9: 3 | L9: =J9*K9 -> 6 | M9: =IF(L9>=$B$2,"High",IF(L9>=$D$2,"Medium","Low")) -> Low | N9: =F9-L9 -> 6
A10: R6 | B10: Customer data used to train or fine-tune the fraud model without consent that covers AI processing | C10: DPDP consent | D10: 4 | E10: 4 | F10: =D10*E10 -> 16 | G10: =IF(F10>=$B$2,"High",IF(F10>=$D$2,"Medium","Low")) -> High | H10: Most consent wording pre-dates AI use cases, so the gap is common. Consent scope is an explicit DPDP requirement, so this is a formal violation, not just optics. | I10: Use anonymized or synthetic data for training; update consent language for any AI use that needs real data. | J10: 2 | K10: 4 | L10: =J10*K10 -> 8 | M10: =IF(L10>=$B$2,"High",IF(L10>=$D$2,"Medium","Low")) -> Medium | N10: =F10-L10 -> 8
B12: Average score | F12: =AVERAGE(F5:F10) -> 14.166667 | L12: =AVERAGE(L5:L10) -> 7.1666667 | N12: =AVERAGE(N5:N10) -> 7
B14: Note: scores are analyst judgment for a fictional company. Each score should be defensible in one sentence (see Scoring rationale). Blue = inputs you can change; black = formulas.

Sheet Heat Map
A1: 5x5 Risk Heat Maps (number of risks in each cell)
A2: Left = inherent (before controls). Right = residual (after controls). Counts update from the Risk Register.
B4: Inherent risk | J4: Residual risk
C5: IMPACT | K5: IMPACT
A6: LIKELIHOOD | B6: 5 | C6: =COUNTIFS('Risk Register'!$D$5:$D$10,5,'Risk Register'!$E$5:$E$10,1) -> 0 | D6: =COUNTIFS('Risk Register'!$D$5:$D$10,5,'Risk Register'!$E$5:$E$10,2) -> 0 | E6: =COUNTIFS('Risk Register'!$D$5:$D$10,5,'Risk Register'!$E$5:$E$10,3) -> 0 | F6: =COUNTIFS('Risk Register'!$D$5:$D$10,5,'Risk Register'!$E$5:$E$10,4) -> 0 | G6: =COUNTIFS('Risk Register'!$D$5:$D$10,5,'Risk Register'!$E$5:$E$10,5) -> 0 | I6: LIKELIHOOD | J6: 5 | K6: =COUNTIFS('Risk Register'!$J$5:$J$10,5,'Risk Register'!$K$5:$K$10,1) -> 0 | L6: =COUNTIFS('Risk Register'!$J$5:$J$10,5,'Risk Register'!$K$5:$K$10,2) -> 0 | M6: =COUNTIFS('Risk Register'!$J$5:$J$10,5,'Risk Register'!$K$5:$K$10,3) -> 0 | N6: =COUNTIFS('Risk Register'!$J$5:$J$10,5,'Risk Register'!$K$5:$K$10,4) -> 0 | O6: =COUNTIFS('Risk Register'!$J$5:$J$10,5,'Risk Register'!$K$5:$K$10,5) -> 0
B7: 4 | C7: =COUNTIFS('Risk Register'!$D$5:$D$10,4,'Risk Register'!$E$5:$E$10,1) -> 0 | D7: =COUNTIFS('Risk Register'!$D$5:$D$10,4,'Risk Register'!$E$5:$E$10,2) -> 0 | E7: =COUNTIFS('Risk Register'!$D$5:$D$10,4,'Risk Register'!$E$5:$E$10,3) -> 0 | F7: =COUNTIFS('Risk Register'!$D$5:$D$10,4,'Risk Register'!$E$5:$E$10,4) -> 3 | G7: =COUNTIFS('Risk Register'!$D$5:$D$10,4,'Risk Register'!$E$5:$E$10,5) -> 0 | J7: 4 | K7: =COUNTIFS('Risk Register'!$J$5:$J$10,4,'Risk Register'!$K$5:$K$10,1) -> 0 | L7: =COUNTIFS('Risk Register'!$J$5:$J$10,4,'Risk Register'!$K$5:$K$10,2) -> 1 | M7: =COUNTIFS('Risk Register'!$J$5:$J$10,4,'Risk Register'!$K$5:$K$10,3) -> 0 | N7: =COUNTIFS('Risk Register'!$J$5:$J$10,4,'Risk Register'!$K$5:$K$10,4) -> 0 | O7: =COUNTIFS('Risk Register'!$J$5:$J$10,4,'Risk Register'!$K$5:$K$10,5) -> 0
B8: 3 | C8: =COUNTIFS('Risk Register'!$D$5:$D$10,3,'Risk Register'!$E$5:$E$10,1) -> 0 | D8: =COUNTIFS('Risk Register'!$D$5:$D$10,3,'Risk Register'!$E$5:$E$10,2) -> 0 | E8: =COUNTIFS('Risk Register'!$D$5:$D$10,3,'Risk Register'!$E$5:$E$10,3) -> 0 | F8: =COUNTIFS('Risk Register'!$D$5:$D$10,3,'Risk Register'!$E$5:$E$10,4) -> 1 | G8: =COUNTIFS('Risk Register'!$D$5:$D$10,3,'Risk Register'!$E$5:$E$10,5) -> 1 | J8: 3 | K8: =COUNTIFS('Risk Register'!$J$5:$J$10,3,'Risk Register'!$K$5:$K$10,1) -> 0 | L8: =COUNTIFS('Risk Register'!$J$5:$J$10,3,'Risk Register'!$K$5:$K$10,2) -> 0 | M8: =COUNTIFS('Risk Register'!$J$5:$J$10,3,'Risk Register'!$K$5:$K$10,3) -> 0 | N8: =COUNTIFS('Risk Register'!$J$5:$J$10,3,'Risk Register'!$K$5:$K$10,4) -> 0 | O8: =COUNTIFS('Risk Register'!$J$5:$J$10,3,'Risk Register'!$K$5:$K$10,5) -> 0
B9: 2 | C9: =COUNTIFS('Risk Register'!$D$5:$D$10,2,'Risk Register'!$E$5:$E$10,1) -> 0 | D9: =COUNTIFS('Risk Register'!$D$5:$D$10,2,'Risk Register'!$E$5:$E$10,2) -> 0 | E9: =COUNTIFS('Risk Register'!$D$5:$D$10,2,'Risk Register'!$E$5:$E$10,3) -> 0 | F9: =COUNTIFS('Risk Register'!$D$5:$D$10,2,'Risk Register'!$E$5:$E$10,4) -> 0 | G9: =COUNTIFS('Risk Register'!$D$5:$D$10,2,'Risk Register'!$E$5:$E$10,5) -> 1 | J9: 2 | K9: =COUNTIFS('Risk Register'!$J$5:$J$10,2,'Risk Register'!$K$5:$K$10,1) -> 0 | L9: =COUNTIFS('Risk Register'!$J$5:$J$10,2,'Risk Register'!$K$5:$K$10,2) -> 0 | M9: =COUNTIFS('Risk Register'!$J$5:$J$10,2,'Risk Register'!$K$5:$K$10,3) -> 1 | N9: =COUNTIFS('Risk Register'!$J$5:$J$10,2,'Risk Register'!$K$5:$K$10,4) -> 3 | O9: =COUNTIFS('Risk Register'!$J$5:$J$10,2,'Risk Register'!$K$5:$K$10,5) -> 0
B10: 1 | C10: =COUNTIFS('Risk Register'!$D$5:$D$10,1,'Risk Register'!$E$5:$E$10,1) -> 0 | D10: =COUNTIFS('Risk Register'!$D$5:$D$10,1,'Risk Register'!$E$5:$E$10,2) -> 0 | E10: =COUNTIFS('Risk Register'!$D$5:$D$10,1,'Risk Register'!$E$5:$E$10,3) -> 0 | F10: =COUNTIFS('Risk Register'!$D$5:$D$10,1,'Risk Register'!$E$5:$E$10,4) -> 0 | G10: =COUNTIFS('Risk Register'!$D$5:$D$10,1,'Risk Register'!$E$5:$E$10,5) -> 0 | J10: 1 | K10: =COUNTIFS('Risk Register'!$J$5:$J$10,1,'Risk Register'!$K$5:$K$10,1) -> 0 | L10: =COUNTIFS('Risk Register'!$J$5:$J$10,1,'Risk Register'!$K$5:$K$10,2) -> 0 | M10: =COUNTIFS('Risk Register'!$J$5:$J$10,1,'Risk Register'!$K$5:$K$10,3) -> 0 | N10: =COUNTIFS('Risk Register'!$J$5:$J$10,1,'Risk Register'!$K$5:$K$10,4) -> 0 | O10: =COUNTIFS('Risk Register'!$J$5:$J$10,1,'Risk Register'!$K$5:$K$10,5) -> 1
C11: 1 | D11: 2 | E11: 3 | F11: 4 | G11: 5 | K11: 1 | L11: 2 | M11: 3 | N11: 4 | O11: 5
B14: Cell colour is fixed by Likelihood x Impact: red = 15 or more, amber = 8 to 14, green = under 8 (matches the default thresholds).

Sheet DPDP Gap Analysis
A1: Finstack Technologies - DPDP Act Gap Analysis (AI fraud model + support copilot)
A2: Rating: Compliant / Partial / Non-compliant. Judgments are based on the fictional scenario facts.
A4: # | B4: DPDP requirement | C4: Plain-language rule | D4: Finding | E4: Rating | F4: Risk level | G4: Recommendation | H4: Owner | I4: Target (days)
A5: 1 | B5: Consent | C5: Get clear, specific consent before using personal data; customers can withdraw it. | D5: Existing consent wording is generic and pre-dates the AI use case. It does not explicitly cover AI-based processing (fraud detection, AI support queries). | E5: Partial | F5: Medium-High | G5: Update consent language and privacy notice to disclose AI processing explicitly. Consider a re-consent campaign for existing customers. | H5: Legal + Product | I5: 60
A6: 2 | B6: Data minimization | C6: Use only the personal data that is necessary for the stated purpose. | D6: The support tool retrieves a customer's full transaction history and account details on every query, whatever the query needs. | E6: Non-compliant | F6: High | G6: Retrieve only the specific fields the query needs, and log what was accessed and why. | H6: Engineering + Product | I6: 45
A7: 3 | B7: Breach notification | C7: Tell the Data Protection Board and affected customers about a breach; detailed report within 72 hours (Rules 2025). | D7: No documented process to detect, assess and report a breach, including one that starts at the LLM vendor. The 72-hour clock runs from when Finstack becomes aware. | E7: Non-compliant | F7: High | G7: 1) Name a breach response owner. 2) Write a breach response plan (severity assessment, who notifies Board and customers). 3) Contractually require the LLM vendor to notify Finstack within 24 hours. | H7: Security + Legal | I7: 30
A8: 4 | B8: Data principal rights | C8: Customers can access, correct and erase their data and raise grievances. | D8: A request process exists for normal account data, but it does not cover data in AI chat logs or data used for model training. | E8: Partial | F8: Medium-High | G8: Extend the process to AI logs with a fixed retention period. Use anonymized training data (see R6) so erasure requests do not touch the model. | H8: Legal + Engineering | I8: 60
A9: 5 | B9: Security safeguards | C9: Protect personal data with reasonable controls such as access control, encryption and logging. | D9: Any agent at any client bank can look up any customer's data. There is no check that the customer belongs to the agent's bank and lookups are not logged. | E9: Non-compliant | F9: High | G9: 1) Enforce bank-level data isolation. 2) Log every lookup (agent, customer, time). 3) Confirm encryption at rest and in transit. 4) Train agents on the access rules (weakest control, so last). | H9: Engineering + Security | I9: 30
A10: 6 | B10: Cross-border transfer | C10: Transfers outside India are allowed unless the country is blocked, but sector rules can be stricter (RBI: payment data stored in India). | D10: Customer queries go to a third-party LLM API and Finstack has not confirmed where the vendor processes or stores the data. | E10: Partial | F10: High | G10: Get the vendor's data location in writing. Use an India-hosted region or an on-premise model for payment data. Add data-location terms to the contract. | H10: Legal + Security | I10: 30
B12: Summary
B13: Compliant | C13: =COUNTIF($E$5:$E$10,B13) -> 0
B14: Partial | C14: =COUNTIF($E$5:$E$10,B14) -> 3
B15: Non-compliant | C15: =COUNTIF($E$5:$E$10,B15) -> 3
B16: Total requirements assessed | C16: =SUM(C13:C15) -> 6
B18: Note: legal references (DPDP Act 2023, DPDP Rules 2025, RBI data localisation) are summarised in plain language. Verify against the official text before publishing this work.

Sheet Vendor Risk Assessment
A1: Finstack Technologies - LLM Vendor Risk Assessment
A2: Vendor A = established provider (mock). Vendor B = low-cost startup (mock). Ratings show how Finstack should judge each answer.
A4: # | B4: Category | C4: Question | D4: Vendor A answer | E4: Vendor B answer | F4: Vendor A rating | G4: Vendor B rating | H4: Notes
A5: 1 | B5: Data location | C5: In which country and cloud region is our data processed and stored? | D5: India (Mumbai region) for this contract, confirmed in writing. | E5: Not specified; "multiple global regions." | F5: Compliant | G5: Non-compliant | H5: RBI requires payment data stored in India. Vendor B's answer cannot confirm this.
A6: 2 | B6: Encryption | C6: Do you encrypt data at rest and in transit? Which standards? | D6: AES-256 at rest, TLS 1.3 in transit. SOC 2 report available. | E6: "We use standard security practices." | F6: Compliant | G6: Non-compliant | H6: Vendor B gives no verifiable standard.
A7: 3 | B7: Access control | C7: Which of your staff can access our data, and how is that access controlled? | D7: Role-based access, logged, reviewed quarterly. Named list available on request. | E7: "Only authorised employees." | F7: Compliant | G7: Partial | H7: Vendor B does not describe a control, only a claim.
A8: 4 | B8: Employee vetting | C8: Are staff with data access background-checked? | D8: Yes, background checks and signed confidentiality agreements for all staff with data access. | E8: Not mentioned. | F8: Compliant | G8: Non-compliant | H8: No answer is treated as a gap, not assumed yes.
A9: 5 | B9: Breach notification time | C9: Within how many hours of discovering a breach will you notify Finstack? | D9: Within 24 hours, per Data Processing Agreement. | E9: "As soon as possible." | F9: Compliant | G9: Non-compliant | H9: Finstack's own DPDP deadline is 72 hours to the Board, so a vendor with no committed number puts that deadline at risk.
A10: 6 | B10: Breach notification content | C10: What will your breach notice include? | D10: Nature of breach, data categories and approx. record count affected, containment steps, named contact. | E10: "We will let you know what happened." | F10: Compliant | G10: Non-compliant | H10: Vague content cannot support Finstack's own report to the Board.
A11: 7 | B11: Sub-processors | C11: Do you use any sub-processors (other companies) to handle our data? Who are they? | D11: Yes, one cloud host, named, with an equivalent security contract in place. | E11: "We may use third-party infrastructure providers." | F11: Compliant | G11: Non-compliant | H11: Unnamed sub-processors mean Finstack cannot assess their risk either.
A12: 8 | B12: Model training on our data | C12: Will our data be used to train or improve your models? | D12: No. Contractually excluded; data used only to serve our requests. | E12: "Data may be used to improve our services." | F12: Compliant | G12: Non-compliant | H12: Directly relevant to R6 and the DPDP consent gap - Vendor B's answer means Finstack cannot give this consent honestly.
A13: 9 | B13: Certifications | C13: What independent security certifications do you hold? | D13: SOC 2 Type II, ISO 27001. | E13: None currently; "in progress." | F13: Compliant | G13: Partial | H13: Certifications are third-party proof, not self-reported.
A14: 10 | B14: Data deletion | C14: What happens to our data when the contract ends? | D14: Deleted within 30 days, deletion certificate provided. | E14: Not specified. | F14: Compliant | G14: Non-compliant | H14: No stated deletion process is itself a DPDP data-minimization gap.
A15: 11 | B15: Audit rights | C15: Can Finstack audit your security controls, or request a third-party audit report? | D15: Yes, annual audit right in contract, SOC 2 report shared on request. | E15: "Contact us to discuss." | F15: Compliant | G15: Partial | H15: Vendor B leaves this open-ended rather than contractual.
A16: 12 | B16: Business continuity | C16: What is your uptime guarantee and disaster recovery plan? | D16: 99.9% SLA, documented DR plan, tested twice yearly. | E16: "We aim for high availability." | F16: Compliant | G16: Partial | H16: No SLA means no enforceable commitment.
A17: 13 | B17: Incident history | C17: Have you had any security incidents or breaches in the last 3 years? What happened? | D17: One minor incident (details provided), fully remediated, disclosed proactively. | E17: "No comment." | F17: Compliant | G17: Non-compliant | H17: Refusing to answer is itself a red flag, not a neutral non-answer.
B20: Summary
B21: Vendor A - Compliant answers | C21: =COUNTIF(F5:F17,"Compliant") -> 13
B22: Vendor B - Compliant answers | C22: =COUNTIF(G5:G17,"Compliant") -> 0
B23: Vendor B - Non-compliant answers | C23: =COUNTIF(G5:G17,"Non-compliant") -> 9
B25: Recommendation
B26: Select Vendor A. Vendor A gave specific, verifiable answers backed by certifications (SOC 2, ISO 27001) and named commitments (24-hour breach notice, India data residency, no training on Finstack data). Vendor B's answers were vague, unverifiable, or missing on the questions that matter most: breach notification time, data location, and use of Finstack data for model training. Given Finstack's own DPDP and RBI obligations, Vendor B's gaps would become Finstack's own compliance gaps. If cost pressure favors Vendor B, it should only proceed after Vendor B commits in writing to the specific terms Vendor A already offers.

Sheet AI Control Audit Checklist
A1: Finstack Technologies - AI Control Audit Checklist
A2: One check per major policy rule. Use the Result column to record Pass / Fail when actually performed.
A4: # | B4: Policy rule checked | C4: How to check | D4: Pass condition | E4: Fail condition | F4: Result (fill in when run)
A5: Policy 3.5 | B5: Agents can only see their own bank's customers, and every lookup is logged. | C5: Ask engineering to log in as a test agent and (1) look up a customer from their own bank, (2) attempt to look up a customer from a different bank. Pull today's lookup log and check it against what was demonstrated. | D5: Own-bank lookup succeeds, other-bank lookup is blocked, and both attempts appear in the log with agent, customer, and timestamp. | E5: Other-bank lookup succeeds, or either attempt is missing from the log. | F5: Not yet tested
A6: Policy 3.6 | B6: Real customer data is not used to train or fine-tune the model. | C6: 1) Ask engineering for a sample of the training dataset and check for real names, account numbers, or transactions. 2) Query the live model by naming a real customer and asking for their details, without supplying that data. | D6: Training data contains no real identifiers, and the model cannot correctly produce real customer details it was not given. | E6: Training data contains real customer data, or the model correctly recalls real details from memory. | F6: Not yet tested
A7: Policy 3.7 | B7: AI chat logs are deleted after the stated retention period. | C7: Ask for chat logs older than the retention period (e.g. 90 days) and check whether they still exist. | D7: No logs older than the limit exist. | E7: Old logs are still present. | F7: Not yet tested
A8: Policy 4.1 | B8: Every fraud model block is logged with reasons, timestamp, and model version. | C8: Pull 5 recent blocked transactions and check each has a logged reason, timestamp, and model version. | D8: All 5 have complete records. | E8: Any of the 5 are missing required fields. | F8: Not yet tested
A9: Policy 4.2 | B9: Disputed blocks get human review within 24 hours. | C9: Pick 3 recent disputed cases and check the time between the dispute and the reviewer's decision. | D9: All 3 reviewed within 24 hours. | E9: Any took longer than 24 hours. | F9: Not yet tested
A10: Policy 5.2 | B10: Vendor contract requires 24-hour breach notice, encryption, and no training on our data. | C10: Read the signed vendor contract and locate the breach notification, encryption, and data-use clauses. | D10: Contract states 24-hour (or less) breach notice, encryption at rest/in transit, and excludes Finstack data from vendor model training. | E10: Any clause is missing, vague, or states a longer timeframe. | F10: Not yet tested
A11: Policy 6.1 | B11: Fraud model is tested for bias across regions/segments every quarter. | C11: Ask for the most recent bias audit report and check the date and findings. | D11: A report exists, dated within the last 3 months, with documented findings. | E11: No report exists, or it is older than 3 months. | F11: Not yet tested
A12: Policy 7.2 / 7.3 | B12: Breaches are reported to the Board/customers within 72 hours; AI incidents reported internally within 24 hours. | C12: Ask for the incident log and check the timestamps between discovery and each notification. | D12: All notifications meet their respective deadlines. | E12: Any notification exceeded its deadline. | F12: Not yet tested
A13: Policy 8.3 | B13: Staff and agents complete AI data-handling training before access, and annually after. | C13: Ask HR/IT for training completion records and compare against the current access list. | D13: Everyone with access has a completed training record within the last 12 months. | E13: Anyone with access has no record, or it is over 12 months old. | F13: Not yet tested
